elapsed_s,temp_c,power_mw,freq_mhz
5.245208740234375e-06,41.0,3230.0,1479.0
0.2547159194946289,40.5,4823.0,1479.0
0.507624626159668,41.0,4903.0,1479.0
0.7601404190063477,40.5,4863.0,1479.0
1.0128188133239746,40.5,4823.0,1479.0
1.2655506134033203,40.5,4790.0,1479.0
1.5182344913482666,40.5,4903.0,1479.0
1.771005153656006,41.0,4975.0,1479.0
2.0237905979156494,41.0,4903.0,1479.0
2.2765214443206787,40.5,4823.0,1479.0
2.5293030738830566,40.5,4823.0,1479.0
2.7819664478302,40.5,4823.0,1479.0
3.034663677215576,41.0,4863.0,1479.0
3.287466049194336,41.0,4669.0,1479.0
3.540202379226685,41.0,4863.0,1479.0
3.7930667400360103,41.0,4903.0,1479.0
4.045903444290161,41.0,4943.0,1479.0
4.298840284347534,40.5,4750.0,1479.0
4.551842451095581,40.5,4750.0,1479.0
4.804636240005493,41.0,4823.0,1479.0
5.057481050491333,40.5,4709.0,1479.0
5.310525417327881,40.5,4750.0,1479.0
5.563404321670532,40.5,4750.0,1479.0
5.816105842590332,41.5,5240.0,1479.0
6.068855047225952,41.5,5431.0,1479.0
6.321741819381714,41.0,5240.0,1479.0
6.574622392654419,41.5,5360.0,1479.0
6.827596426010132,41.5,5360.0,1479.0
7.080421447753906,41.5,5240.0,1479.0
7.333377361297607,41.5,5208.0,1479.0
7.587975978851318,41.5,5360.0,1479.0
7.840831756591797,42.0,5400.0,1479.0
8.101712226867676,42.0,5360.0,1479.0
8.354592084884644,42.0,5240.0,1479.0
8.607400178909302,42.0,5240.0,1479.0
8.860095977783203,42.0,5391.0,1479.0
9.112909078598022,42.0,5360.0,1479.0
9.365712881088257,42.0,5360.0,1479.0
9.618542194366457,42.0,5360.0,1479.0
9.871377944946287,41.5,5240.0,1479.0
10.124158143997192,42.0,5208.0,1479.0
10.376846313476562,42.0,5280.0,1479.0
10.629579544067385,42.0,5360.0,1479.0
10.882362365722656,42.0,5431.0,1479.0
11.13515853881836,41.5,5280.0,1479.0
11.38843274116516,42.5,5320.0,1479.0
11.64125919342041,42.0,5360.0,1479.0
11.894016027450562,42.0,5320.0,1479.0
12.146804332733154,42.5,5471.0,1479.0
12.399733781814575,41.5,5248.0,1479.0
12.652547836303713,42.0,5320.0,1479.0
12.905651807785034,42.0,5248.0,1479.0
13.15846848487854,42.0,5208.0,1479.0
13.411379098892212,42.0,5240.0,1479.0
13.664034128189089,42.0,5280.0,1479.0
13.916860342025757,42.0,5320.0,1479.0
14.169701099395752,42.5,5391.0,1479.0
14.422579050064089,42.0,5431.0,1479.0
14.675430297851562,42.5,5471.0,1479.0
14.928205013275146,42.0,5240.0,1479.0
15.181305170059204,42.5,5320.0,1479.0
15.434111595153809,42.0,5360.0,1479.0
15.686903476715088,42.5,5360.0,1479.0
15.93963360786438,42.5,5431.0,1479.0
16.1925265789032,42.0,5320.0,1479.0
16.44554901123047,42.5,5280.0,1479.0
16.698395013809204,42.5,5240.0,1479.0
16.95137071609497,42.5,5240.0,1479.0
17.20409893989563,42.5,5208.0,1479.0
17.45678448677063,42.0,5248.0,1479.0
17.709588766098022,42.0,5511.0,1479.0
17.962430715560913,42.5,5320.0,1479.0
18.215219020843502,42.0,5280.0,1479.0
18.46790885925293,42.5,5280.0,1479.0
18.72077250480652,42.0,5280.0,1479.0
18.97355604171753,42.0,5248.0,1479.0
19.226365327835083,42.5,5360.0,1479.0
19.4790940284729,42.5,5431.0,1479.0
19.731951236724857,42.5,5360.0,1479.0
19.98472261428833,42.5,5360.0,1479.0
20.23755168914795,42.5,5391.0,1479.0
20.49062466621399,42.0,5320.0,1479.0
20.74341058731079,42.5,5360.0,1479.0
20.996127367019653,42.5,5400.0,1479.0
21.24890899658203,43.0,5391.0,1479.0
21.501758813858032,42.5,5320.0,1479.0
21.75457978248596,42.5,5240.0,1479.0
22.0073459148407,42.5,5280.0,1479.0
22.26008367538452,42.5,5431.0,1479.0
22.5127854347229,42.5,5360.0,1479.0
22.76563596725464,43.0,5320.0,1479.0
23.018447637557983,42.5,5360.0,1479.0
23.27126979827881,42.5,5360.0,1479.0
23.524925708770752,43.0,5280.0,1479.0
23.777676582336422,42.5,5320.0,1479.0
24.03044104576111,42.5,5400.0,1479.0
24.283202409744263,42.0,5471.0,1479.0
24.535938262939453,42.5,5360.0,1479.0
24.78877830505371,42.0,5240.0,1479.0
25.041606426239017,42.5,5280.0,1479.0
25.294422388076782,43.0,5391.0,1479.0
25.54720997810364,42.5,5431.0,1479.0
25.79997944831848,42.5,5320.0,1479.0
26.052780389785767,42.5,5280.0,1479.0
26.305642127990723,43.0,5391.0,1479.0
26.55847930908203,43.0,5360.0,1479.0
26.811280965805057,43.0,5360.0,1479.0
27.06398868560791,43.0,5431.0,1479.0
27.31679630279541,42.5,5360.0,1479.0
27.569748878479004,42.5,5280.0,1479.0
27.82272171974182,43.0,5280.0,1479.0
28.075468063354492,43.0,5360.0,1479.0
28.328241109848022,43.0,5320.0,1479.0
28.580929040908813,43.0,5360.0,1479.0
28.833719968795776,43.0,5320.0,1479.0
29.08645081520081,43.5,5391.0,1479.0
29.33918309211731,43.0,5391.0,1479.0
29.591938972473145,42.5,5400.0,1479.0
29.84466671943665,43.0,5280.0,1479.0
30.097416162490845,43.0,5391.0,1479.0
30.35050320625305,42.5,5431.0,1479.0
30.603310108184814,43.0,5320.0,1479.0
30.856099367141724,43.5,5360.0,1479.0
31.108850717544556,43.0,5360.0,1479.0
31.361669778823853,43.0,5320.0,1479.0
31.61445450782776,43.0,5280.0,1479.0
31.867180824279785,43.0,5391.0,1479.0
32.11992263793945,43.0,5431.0,1479.0
32.37261652946472,43.0,5431.0,1479.0
32.625484466552734,43.0,5431.0,1479.0
32.87831354141235,43.0,5280.0,1479.0
33.131080865859985,43.5,5320.0,1479.0
33.38382887840271,43.0,5431.0,1479.0
33.636879682540894,43.0,5360.0,1479.0
33.88972616195679,43.5,5400.0,1479.0
34.142563819885254,43.5,5431.0,1479.0
34.39541029930115,42.5,5280.0,1479.0
34.648473024368286,43.0,5248.0,1479.0
34.901246309280396,43.0,5280.0,1479.0
35.154014348983765,43.5,5431.0,1479.0
35.40685677528381,43.5,5471.0,1479.0
35.659765005111694,43.5,5511.0,1479.0
35.91252040863037,43.5,5360.0,1479.0
36.16550540924072,43.5,5280.0,1479.0
36.41854000091553,43.5,5248.0,1479.0
36.67132067680359,43.0,5248.0,1479.0
36.92397999763489,43.0,5280.0,1479.0
37.17661952972412,43.5,5320.0,1479.0
37.42942023277283,43.5,5431.0,1479.0
37.68218398094177,43.5,5542.0,1479.0
37.93748140335083,43.5,5431.0,1479.0
38.190213441848755,43.5,5280.0,1479.0
38.44296550750733,43.5,5128.0,1479.0
38.695640325546265,44.0,5320.0,1479.0
38.94830369949341,43.5,5391.0,1479.0
39.20107316970825,43.0,5360.0,1479.0
39.4539794921875,43.0,5360.0,1479.0
39.70682406425476,43.5,5391.0,1479.0
39.95963215827942,44.0,5431.0,1479.0
40.21237659454346,43.5,5320.0,1479.0
40.465261936187744,43.5,5208.0,1479.0
40.71827030181885,43.5,5280.0,1479.0
40.97110009193421,43.5,5360.0,1479.0
41.22398734092712,43.5,5360.0,1479.0
41.47675180435181,43.5,5320.0,1479.0
41.72954750061035,43.5,5320.0,1479.0
41.98233127593994,43.5,5240.0,1479.0
42.23551034927368,43.5,5280.0,1479.0
42.48824739456177,43.5,5240.0,1479.0
42.74470233917236,43.5,5280.0,1479.0
43.00118780136109,44.0,5360.0,1479.0
43.25387692451477,44.0,5471.0,1479.0
43.50671982765198,43.5,5471.0,1479.0
43.75978231430054,44.0,5391.0,1479.0
44.01258301734924,43.5,5320.0,1479.0
44.26539421081543,43.5,5431.0,1479.0
44.518253564834595,43.5,5320.0,1479.0
44.77108907699585,44.0,5431.0,1479.0
45.0238676071167,43.5,5360.0,1479.0
45.27657341957092,43.0,5320.0,1479.0
45.52946209907532,43.5,5320.0,1479.0
45.78233766555786,44.0,5320.0,1479.0
46.035566568374634,43.5,5280.0,1479.0
46.288259506225586,44.0,5280.0,1479.0
46.54099678993225,43.5,5360.0,1479.0
46.7939178943634,44.0,5431.0,1479.0
47.05095601081848,44.0,5360.0,1479.0
47.30381464958191,43.5,5360.0,1479.0
47.55670189857483,43.5,5391.0,1479.0
47.80960488319397,44.0,5280.0,1479.0
48.065897703170776,44.5,5320.0,1479.0
48.318687200546265,44.0,5280.0,1479.0
48.57146596908569,44.0,5391.0,1479.0
48.82441830635071,44.0,5280.0,1479.0
49.07784414291382,44.0,5360.0,1479.0
49.33062529563904,44.0,5471.0,1479.0
49.58341670036316,44.0,5431.0,1479.0
49.8360800743103,43.5,5360.0,1479.0
50.08882784843445,44.5,5431.0,1479.0
50.34152817726135,44.0,5248.0,1479.0
50.59432911872864,44.0,5360.0,1479.0
50.847742319107056,44.0,5431.0,1479.0
51.10048151016235,43.5,5471.0,1479.0
51.35336208343506,44.0,5400.0,1479.0
51.60625386238098,44.0,5320.0,1479.0
51.85940504074097,44.0,5240.0,1479.0
52.11212611198425,44.0,5240.0,1479.0
52.364827394485474,44.0,5320.0,1479.0
52.617626667022705,44.0,5391.0,1479.0
52.87036681175232,44.0,5471.0,1479.0
53.12336754798889,44.0,5360.0,1479.0
53.37615895271301,44.5,5360.0,1479.0
53.62896704673767,44.0,5240.0,1479.0
53.881728172302246,44.0,5320.0,1479.0
54.13465237617493,44.0,5320.0,1479.0
54.38752460479736,44.0,5360.0,1479.0
54.640352725982666,44.0,5400.0,1479.0
54.89311838150024,44.0,5431.0,1479.0
55.14589238166809,45.0,5391.0,1479.0
55.398741483688354,45.0,5391.0,1479.0
55.65151071548462,44.5,5320.0,1479.0
55.90427994728088,44.0,5280.0,1479.0
56.15699100494385,44.0,5360.0,1479.0
56.41082954406738,44.5,5431.0,1479.0
56.66366386413574,44.0,5391.0,1479.0
56.9163818359375,44.5,5360.0,1479.0
57.16933250427246,44.0,5200.0,1479.0
57.422085762023926,44.5,5240.0,1479.0
57.674816846847534,44.5,5168.0,1479.0
57.92764067649841,44.5,5431.0,1479.0
58.18039631843567,44.5,5431.0,1479.0
58.433597564697266,44.0,5351.0,1479.0
58.68833518028259,44.5,5351.0,1479.0
58.941041707992554,45.0,5360.0,1479.0
59.203078508377075,44.5,5280.0,1479.0
59.455822467803955,44.5,5431.0,1479.0
59.708579778671265,44.0,5391.0,1479.0
59.96166729927063,45.0,5391.0,1479.0
60.21449160575867,44.0,5471.0,1479.0
60.46754240989685,44.5,5431.0,1479.0
60.72039008140564,44.5,5320.0,1479.0
60.97394418716431,44.5,5208.0,1479.0
61.22667050361633,44.5,5360.0,1479.0
61.4794487953186,45.0,5400.0,1479.0
61.73218631744385,45.0,5431.0,1479.0
61.98492789268494,44.5,5542.0,1479.0
62.23781657218933,44.5,5431.0,1479.0
62.490678548812866,44.5,5208.0,1479.0
62.74343228340149,45.0,5248.0,1479.0
62.9961211681366,44.5,5360.0,1479.0
63.24880576133728,45.0,5502.0,1479.0
63.50154638290405,44.5,5400.0,1479.0
63.754382848739624,45.0,5400.0,1479.0
64.00724148750305,44.5,5400.0,1479.0
64.2599835395813,45.0,5431.0,1479.0
64.51272082328796,45.0,5511.0,1479.0
64.76554536819458,44.5,5320.0,1479.0
65.01839685440063,45.0,5391.0,1479.0
65.27126574516296,44.0,5360.0,1479.0
65.52406024932861,44.5,5360.0,1479.0
65.77684998512268,45.5,5320.0,1479.0
66.02960538864136,45.0,5280.0,1479.0
66.28231739997864,45.5,5320.0,1479.0
66.53506422042847,45.0,5280.0,1479.0
66.78780579566956,44.5,5360.0,1479.0
67.04073643684387,44.5,5431.0,1479.0
67.29376482963562,45.0,5360.0,1479.0
67.54681706428528,44.5,5391.0,1479.0
67.79996848106384,45.0,5391.0,1479.0
68.05274724960327,44.5,5320.0,1479.0
68.30553197860718,45.0,5391.0,1479.0
68.55833530426025,45.0,5431.0,1479.0
68.81112957000732,45.5,5320.0,1479.0
69.06410598754883,45.0,5280.0,1479.0
69.31711196899414,45.0,5360.0,1479.0
69.56987929344177,45.0,5431.0,1479.0
69.82271027565002,45.0,5320.0,1479.0
70.07553887367249,45.0,5391.0,1479.0
70.32825779914856,45.5,5471.0,1479.0
70.58102679252625,45.5,5391.0,1479.0
70.83383417129517,45.5,5360.0,1479.0
71.08663821220398,45.0,5511.0,1479.0
71.34148144721985,45.0,5320.0,1479.0
71.59428000450134,45.0,5320.0,1479.0
71.8470847606659,45.0,5391.0,1479.0
72.09982800483704,45.5,5431.0,1479.0
72.35258293151855,45.5,5471.0,1479.0
72.60546970367432,45.5,5431.0,1479.0
72.8583562374115,45.5,5471.0,1479.0
73.11115455627441,46.0,5360.0,1479.0
73.36387729644775,45.0,5431.0,1479.0
73.61684513092041,45.0,5360.0,1479.0
73.87016582489014,45.5,5320.0,1479.0
74.12294340133667,45.0,5431.0,1479.0
74.37585353851318,45.5,5431.0,1479.0
74.62868595123291,45.5,5360.0,1479.0
74.88153028488159,45.5,5128.0,1479.0
75.13426947593689,45.0,5168.0,1479.0
75.38697147369385,45.0,5208.0,1479.0
75.63963913917542,45.5,5391.0,1479.0
75.89234399795532,45.0,5542.0,1479.0
76.14589333534241,45.5,5471.0,1479.0
76.39874529838562,45.0,5360.0,1479.0
76.65169477462769,45.5,5280.0,1479.0
76.904550075531,45.0,5168.0,1479.0
77.15744113922119,45.0,5391.0,1479.0
77.41025948524475,45.5,5431.0,1479.0
77.6631064414978,45.5,5471.0,1479.0
77.91602516174316,45.5,5391.0,1479.0
78.1688232421875,45.5,5431.0,1479.0
78.42180490493774,45.5,5320.0,1479.0
78.67456007003784,45.5,5240.0,1479.0
78.92729139328003,45.5,5400.0,1479.0
79.17999815940857,45.5,5471.0,1479.0
79.43275380134583,45.0,5400.0,1479.0
79.69095945358276,45.5,5431.0,1479.0
79.94379758834839,46.0,5551.0,1479.0
80.1966826915741,45.5,5280.0,1479.0
80.44947075843811,45.5,5240.0,1479.0
80.70219707489014,45.5,5240.0,1479.0
80.95493650436401,45.0,5320.0,1479.0
81.20784020423889,45.5,5431.0,1479.0
81.46059441566467,46.0,5471.0,1479.0
81.7134428024292,46.0,5502.0,1479.0
81.96630692481995,46.0,5391.0,1479.0
82.21908187866211,45.5,5280.0,1479.0
82.47179174423218,45.5,5280.0,1479.0
82.72446894645691,45.5,5360.0,1479.0
82.97731685638428,46.5,5471.0,1479.0
83.23015880584717,46.0,5471.0,1479.0
83.48302173614502,45.5,5431.0,1479.0
83.73586511611938,46.0,5391.0,1479.0
83.98869204521179,46.0,5431.0,1479.0
84.24150466918945,46.0,5360.0,1479.0
84.4944703578949,45.5,5360.0,1479.0
84.74783110618591,46.0,5360.0,1479.0
85.00060772895813,45.5,5431.0,1479.0
85.25338888168335,46.0,5431.0,1479.0
85.50621199607849,46.0,5431.0,1479.0
85.75904870033264,46.0,5391.0,1479.0
86.01182532310486,45.5,5431.0,1479.0
86.26455402374268,46.0,5360.0,1479.0
86.51729226112366,46.0,5400.0,1479.0
86.77006077766418,46.0,5431.0,1479.0
87.0229434967041,46.0,5391.0,1479.0
87.27569007873535,46.0,5360.0,1479.0
87.52836680412292,46.5,5391.0,1479.0
87.78146696090698,46.5,5431.0,1479.0
88.03425145149231,45.5,5471.0,1479.0
88.28705430030823,45.5,5471.0,1479.0
88.53978991508484,46.0,5431.0,1479.0
88.7928557395935,46.0,5320.0,1479.0
89.04566526412964,46.0,5431.0,1479.0
89.29864358901978,46.5,5471.0,1479.0
89.55144429206848,45.5,5431.0,1479.0
89.80420422554016,46.0,5471.0,1479.0
90.05706572532654,46.5,5400.0,1479.0
90.30989789962769,46.5,5320.0,1479.0
90.5626904964447,46.0,5320.0,1479.0
90.81566071510316,46.5,5280.0,1479.0
91.06836986541748,46.5,5360.0,1479.0
91.3210186958313,46.5,5511.0,1479.0
91.57376098632812,45.5,5471.0,1479.0
91.8266806602478,46.5,5431.0,1479.0
92.07969832420348,46.5,5280.0,1479.0
92.33329963684082,46.5,5360.0,1479.0
92.58603262901306,46.5,5431.0,1479.0
92.83877468109132,46.0,5391.0,1479.0
93.09164214134216,46.0,5360.0,1479.0
93.34604740142822,46.5,5471.0,1479.0
93.59883713722228,46.5,5431.0,1479.0
93.85160446166992,47.0,5471.0,1479.0
94.10439324378969,46.5,5471.0,1479.0
94.35723066329956,46.5,5391.0,1479.0
94.61000800132751,46.5,5320.0,1479.0
94.86307072639464,46.0,5431.0,1479.0
95.1158893108368,46.5,5431.0,1479.0
95.36862874031068,46.5,5431.0,1479.0
95.62141704559326,46.5,5391.0,1479.0
95.87458491325378,46.5,5320.0,1479.0
96.127366065979,46.5,5320.0,1479.0
96.38006353378296,46.5,5400.0,1479.0
96.63284492492676,46.5,5431.0,1479.0
96.88560342788696,46.0,5471.0,1479.0
97.13843536376952,46.5,5391.0,1479.0
97.39128613471983,46.5,5360.0,1479.0
97.6439745426178,47.0,5280.0,1479.0
97.89696669578552,46.5,5431.0,1479.0
98.14971685409546,46.0,5471.0,1479.0
98.40252757072447,46.0,5391.0,1479.0
98.6552710533142,46.0,5471.0,1479.0
98.90798687934875,47.0,5471.0,1479.0
99.16083431243896,46.5,5391.0,1479.0
99.41370582580566,46.5,5280.0,1479.0
99.66660833358765,46.0,4935.0,1479.0
