elapsed_s,temp_c,power_mw,freq_mhz
5.9604644775390625e-06,40.5,3108.0,1479.0
0.25348949432373047,42.0,4823.0,1479.0
0.506324291229248,42.5,4903.0,1479.0
0.7588381767272949,42.5,4975.0,1479.0
1.011310338973999,42.0,4863.0,1479.0
1.2639427185058594,42.5,4823.0,1479.0
1.5166902542114258,42.0,4903.0,1479.0
1.7701468467712402,43.0,5280.0,1479.0
2.0227859020233154,42.5,4935.0,1479.0
2.2779300212860107,42.5,4903.0,1479.0
2.530646324157715,43.0,4903.0,1479.0
2.783240795135498,42.5,4823.0,1479.0
3.035659074783325,42.5,4790.0,1479.0
3.2885353565216064,41.5,3271.0,1479.0
3.540850877761841,41.5,2994.0,1479.0
3.7932631969451904,41.5,3230.0,1479.0
4.046154499053955,42.5,4629.0,1479.0
4.298776149749756,41.0,3622.0,1479.0
4.551295280456543,40.5,2674.0,1479.0
4.803983688354492,40.5,2793.0,1479.0
5.057143211364746,41.0,2912.0,1479.0
5.309580564498901,40.5,2912.0,1479.0
5.562342405319214,40.5,2752.0,1479.0
5.814831972122192,40.5,2949.0,1479.0
6.067533731460571,41.0,3312.0,1479.0
6.320112705230713,42.5,4636.0,1479.0
6.572779178619385,41.0,3112.0,1479.0
6.8252363204956055,40.5,2793.0,1479.0
7.0776753425598145,41.0,3389.0,1479.0
7.330228567123413,42.5,4401.0,1479.0
7.582997798919678,41.0,2953.0,1479.0
7.835784912109375,41.0,3031.0,1479.0
8.088949203491211,40.5,2711.0,1479.0
8.341731548309326,41.0,3230.0,1479.0
8.594797611236572,40.5,3072.0,1479.0
8.847406387329102,42.0,3901.0,1479.0
9.100008487701416,41.5,4206.0,1479.0
9.352911233901978,42.5,4709.0,1479.0
9.605523824691772,41.5,4125.0,1479.0
9.858418464660645,41.5,3663.0,1479.0
10.111125707626343,42.0,4863.0,1479.0
10.3639817237854,42.5,4935.0,1479.0
10.616656064987183,41.5,3860.0,1479.0
10.869300365447998,42.0,4206.0,1479.0
11.121996402740479,42.0,3976.0,1479.0
11.374673843383789,41.0,3031.0,1479.0
11.627113342285156,41.0,2674.0,1479.0
11.879860401153564,40.5,2670.0,1479.0
12.13259744644165,40.5,2711.0,1479.0
12.385263681411743,40.5,2674.0,1479.0
12.638010740280151,41.0,2670.0,1479.0
12.890784502029419,41.0,2670.0,1479.0
13.143531560897827,41.0,2752.0,1479.0
13.396128177642822,41.5,3976.0,1479.0
13.648545980453491,41.5,3663.0,1479.0
13.901385068893433,42.0,4556.0,1479.0
14.15452766418457,42.0,4172.0,1479.0
14.407325029373169,42.0,4327.0,1479.0
14.659964323043823,42.0,4287.0,1479.0
14.912477254867554,41.5,3663.0,1479.0
15.165445804595947,41.5,3271.0,1479.0
15.418376207351685,41.0,2793.0,1479.0
15.671059608459473,41.0,2912.0,1479.0
15.923508882522583,41.0,3271.0,1479.0
16.17613959312439,41.5,3820.0,1479.0
16.42901587486267,41.5,3307.0,1479.0
16.68174123764038,40.5,3112.0,1479.0
16.934551239013672,41.0,3031.0,1479.0
17.18739891052246,42.5,5016.0,1479.0
17.440062999725342,42.5,4863.0,1479.0
17.694036960601807,42.0,3901.0,1479.0
17.94688367843628,41.5,3738.0,1479.0
18.199565887451172,41.0,3266.0,1479.0
18.452533960342407,41.5,4287.0,1479.0
18.705451488494873,42.0,4596.0,1479.0
18.95815348625183,41.5,4206.0,1479.0
19.21083688735962,42.0,4361.0,1479.0
19.46346378326416,42.0,4287.0,1479.0
19.71603226661682,42.5,4361.0,1479.0
19.968647718429565,42.0,4287.0,1479.0
20.221304655075073,43.0,4935.0,1479.0
20.47435736656189,44.0,5912.0,1479.0
20.727086305618286,44.0,5952.0,1479.0
20.979832887649536,44.0,5952.0,1479.0
21.232646465301514,44.0,5772.0,1479.0
21.485400438308716,44.0,5882.0,1479.0
21.738167762756348,44.0,5952.0,1479.0
21.990901947021484,44.5,5952.0,1479.0
22.243662357330322,44.0,5952.0,1479.0
22.496444940567017,44.5,5952.0,1479.0
22.757391452789307,44.0,5772.0,1479.0
23.03894352912903,43.5,5591.0,1479.0
23.326225757598877,44.0,5882.0,1479.0
23.57909059524536,43.5,4975.0,1479.0
23.831783294677734,41.5,2871.0,1479.0
24.084270477294922,41.5,2835.0,1479.0
24.336790561676025,41.5,3072.0,1479.0
24.589390993118286,42.0,4172.0,1479.0
24.8427152633667,41.5,3779.0,1479.0
25.096023559570312,41.5,3860.0,1479.0
25.348912715911865,41.5,3622.0,1479.0
25.72365117073059,41.5,2990.0,1479.0
25.976715087890625,41.0,2994.0,1479.0
26.229785442352295,41.0,3108.0,1479.0
26.482670307159424,41.5,3072.0,1479.0
26.73566222190857,41.5,3307.0,1479.0
26.991666078567505,41.5,3230.0,1479.0
27.24423861503601,41.5,3779.0,1479.0
27.49734854698181,41.5,3935.0,1479.0
27.750248670578003,41.5,3976.0,1479.0
28.003029108047485,42.0,3860.0,1479.0
28.255739450454712,41.5,3935.0,1479.0
28.51202940940857,42.5,4935.0,1479.0
39.267932415008545,41.5,2990.0,1479.0
40.40717840194702,41.0,2953.0,1479.0
40.65991425514221,41.5,3112.0,1479.0
40.91243505477905,41.0,2990.0,1479.0
41.165820837020874,41.5,3072.0,1479.0
41.418400287628174,41.0,2953.0,1479.0
41.67123055458069,41.0,2871.0,1479.0
41.92376780509949,41.0,3072.0,1479.0
42.39488983154297,41.5,3307.0,1479.0
42.64767146110535,41.0,2990.0,1479.0
42.90016984939575,41.0,2871.0,1479.0
43.15268278121948,41.5,3348.0,1479.0
43.40527129173279,41.0,2871.0,1479.0
43.658141136169434,41.5,3031.0,1479.0
43.91139626502991,41.5,2949.0,1479.0
44.164350748062134,41.5,2990.0,1479.0
44.41684293746948,41.5,3112.0,1479.0
44.66943955421448,41.5,2953.0,1479.0
44.92202091217041,42.0,3307.0,1479.0
45.17455840110779,41.0,2871.0,1479.0
45.42704677581787,41.0,2871.0,1479.0
45.679656744003296,41.5,3738.0,1479.0
46.14124321937561,41.0,3307.0,1479.0
46.3938102722168,40.5,2711.0,1479.0
46.981231451034546,41.0,2670.0,1479.0
47.2337532043457,41.0,2752.0,1479.0
47.48624634742737,40.5,2793.0,1479.0
47.74079442024231,41.0,3072.0,1479.0
47.99329853057861,41.0,2793.0,1479.0
48.24583339691162,41.0,2793.0,1479.0
48.49832057952881,41.0,2835.0,1479.0
48.750816106796265,41.0,3189.0,1479.0
49.00357389450073,41.0,2752.0,1479.0
49.25602722167969,41.0,2752.0,1479.0
49.50844407081604,41.0,2912.0,1479.0
49.760817766189575,41.0,2912.0,1479.0
50.01331639289856,41.0,2871.0,1479.0
50.2674663066864,41.0,2871.0,1479.0
50.519973039627075,41.0,3031.0,1479.0
50.80356431007385,40.5,2912.0,1479.0
51.0569326877594,41.0,2793.0,1479.0
51.309377908706665,41.0,2953.0,1479.0
51.56180286407471,41.5,2871.0,1479.0
51.81427621841431,41.0,2830.0,1479.0
52.14845561981201,41.0,2793.0,1479.0
52.53412175178528,41.0,2752.0,1479.0
52.78700113296509,41.0,3072.0,1479.0
53.03946614265442,41.0,3112.0,1479.0
53.29182481765747,41.0,3189.0,1479.0
53.54447293281555,41.0,2871.0,1479.0
53.796964168548584,41.0,2711.0,1479.0
54.049330949783325,41.0,2752.0,1479.0
54.301734924316406,41.0,2871.0,1479.0
54.5543053150177,41.0,2752.0,1479.0
55.34057641029358,41.0,2752.0,1479.0
55.63694405555725,41.0,2752.0,1479.0
55.88934135437012,41.0,2835.0,1479.0
57.588436126708984,41.5,3031.0,1479.0
57.84105610847473,41.0,2953.0,1479.0
58.09402394294739,41.0,2871.0,1479.0
58.89604163169861,41.0,2953.0,1479.0
65.68842101097107,41.0,2871.0,1479.0
70.90946793556213,41.5,2990.0,1479.0
71.16220283508301,41.5,2953.0,1479.0
71.41469502449036,41.5,3108.0,1479.0
71.66723227500916,41.0,3148.0,1479.0
71.91976594924927,41.0,3031.0,1479.0
72.17240071296692,41.5,3307.0,1479.0
73.02664566040039,41.0,2912.0,1479.0
73.28092908859253,41.5,3072.0,1479.0
73.53378438949585,41.0,3072.0,1479.0
73.78639721870422,41.0,2912.0,1479.0
74.03893518447876,41.5,2990.0,1479.0
74.2915153503418,41.0,3312.0,1479.0
74.54415988922119,41.0,2990.0,1479.0
74.79678750038147,41.0,2912.0,1479.0
75.0493905544281,42.0,3031.0,1479.0
75.301931142807,41.5,3424.0,1479.0
75.55476331710815,41.5,3153.0,1479.0
75.8074803352356,41.0,2994.0,1479.0
76.05999779701233,41.0,2912.0,1479.0
76.313152551651,41.0,2994.0,1479.0
76.56565713882446,41.0,2912.0,1479.0
76.81825017929077,41.0,2953.0,1479.0
77.07114052772522,41.5,3704.0,1479.0
77.32405638694763,41.0,2871.0,1479.0
77.57655239105225,41.0,2912.0,1479.0
77.82957482337952,41.0,2912.0,1479.0
78.08220434188843,41.5,2871.0,1479.0
78.33476829528809,41.5,3112.0,1479.0
78.58729100227356,41.0,2871.0,1479.0
78.83993887901306,41.5,3072.0,1479.0
79.09345650672913,41.5,2793.0,1479.0
79.34607982635498,41.5,2871.0,1479.0
79.59867596626282,41.5,3112.0,1479.0
79.85382318496704,41.0,2912.0,1479.0
80.10637640953064,41.5,3465.0,1479.0
80.35926818847656,41.5,3031.0,1479.0
80.61176896095276,41.0,2912.0,1479.0
80.8645007610321,41.5,3031.0,1479.0
81.11717438697815,41.5,2953.0,1479.0
81.36973357200623,41.5,3153.0,1479.0
81.62226104736328,41.5,3189.0,1479.0
81.87528800964355,41.0,2871.0,1479.0
82.12778615951538,41.0,3031.0,1479.0
82.38039350509644,41.5,2994.0,1479.0
82.6332573890686,41.0,2994.0,1479.0
82.8859715461731,41.0,2994.0,1479.0
83.13847589492798,41.5,3189.0,1479.0
83.39094829559326,41.0,2871.0,1479.0
83.64459419250488,41.5,3148.0,1479.0
83.89815592765808,41.5,2953.0,1479.0
84.1507773399353,41.5,3348.0,1479.0
84.40341973304749,41.5,3031.0,1479.0
84.65588927268982,41.5,2990.0,1479.0
84.90866923332214,41.5,2830.0,1479.0
85.16330003738403,42.0,4017.0,1479.0
85.41607928276062,41.5,2953.0,1479.0
85.66878819465637,42.0,4361.0,1479.0
85.92194247245789,41.5,2912.0,1479.0
86.17457842826843,41.0,3031.0,1479.0
86.4270453453064,41.0,2912.0,1479.0
86.67950963973999,41.5,2871.0,1479.0
86.93241000175476,42.0,4206.0,1479.0
87.18645596504211,41.5,3465.0,1479.0
87.43946838378906,41.5,3112.0,1479.0
87.6921067237854,41.5,2871.0,1479.0
87.94455409049988,41.0,2752.0,1479.0
88.1971504688263,41.5,2830.0,1479.0
88.45030999183655,41.5,3031.0,1479.0
88.85490870475769,41.5,3112.0,1479.0
89.10753440856934,41.0,2953.0,1479.0
89.3601484298706,41.5,3112.0,1479.0
89.61300325393677,41.5,2871.0,1479.0
89.86552619934082,41.0,2912.0,1479.0
90.11814880371094,41.0,3189.0,1479.0
90.37090539932251,41.5,2752.0,1479.0
90.62336587905884,41.5,2835.0,1479.0
90.8758716583252,41.5,3112.0,1479.0
91.1286141872406,41.5,3031.0,1479.0
91.38292384147644,41.5,3072.0,1479.0
92.02449655532837,41.5,3184.0,1479.0
92.28000068664551,41.5,3112.0,1479.0
92.53257775306702,42.0,3189.0,1479.0
92.78555011749268,41.5,2711.0,1479.0
93.03801798820496,41.5,2711.0,1479.0
93.29104137420654,41.5,2752.0,1479.0
93.54345798492432,41.5,3546.0,1479.0
93.79600119590759,41.5,3230.0,1479.0
94.04856538772583,41.5,2789.0,1479.0
94.30128479003906,41.0,2711.0,1479.0
94.55379486083984,41.5,3189.0,1479.0
94.80643701553345,42.0,2949.0,1479.0
95.05889987945557,41.5,2752.0,1479.0
95.31139373779297,41.5,3148.0,1479.0
95.56395530700684,41.5,2830.0,1479.0
95.81667923927307,41.5,3148.0,1479.0
96.06983709335327,42.5,3935.0,1479.0
96.32282376289368,42.5,4172.0,1479.0
96.57538604736328,42.0,4287.0,1479.0
96.82797050476074,42.0,3031.0,1479.0
97.08062171936035,41.5,2830.0,1479.0
97.3331925868988,41.5,2793.0,1479.0
97.58563303947449,41.5,2871.0,1479.0
97.83813047409058,41.0,2752.0,1479.0
98.0909321308136,41.0,2752.0,1479.0
98.34341669082642,42.0,3230.0,1479.0
98.59598898887634,43.0,3779.0,1479.0
98.84865689277649,41.5,2871.0,1479.0
99.10117316246033,41.0,2752.0,1479.0
99.3536651134491,41.5,2752.0,1479.0
99.60617876052856,41.0,2752.0,1479.0
99.85884189605713,41.5,2752.0,1479.0
100.11131882667542,41.5,2953.0,1479.0
100.36454606056213,41.0,2711.0,1479.0
100.61702799797058,41.5,3153.0,1479.0
100.86954307556152,41.5,2711.0,1479.0
101.12202620506287,41.5,2711.0,1479.0
101.37448334693909,41.0,2670.0,1479.0
101.6271243095398,41.5,3189.0,1479.0
101.87965631484985,41.0,2752.0,1479.0
102.13208103179932,41.5,2674.0,1479.0
102.38498902320862,41.0,2711.0,1479.0
102.63748598098755,41.0,2711.0,1479.0
102.89030265808105,41.0,2711.0,1479.0
103.14277648925781,41.5,2830.0,1479.0
103.39530968666077,41.0,2711.0,1479.0
103.64779281616211,41.0,2711.0,1479.0
103.90032362937927,41.0,2711.0,1479.0
104.1528217792511,41.0,2752.0,1479.0
104.40531420707703,41.5,2793.0,1479.0
104.6578209400177,41.0,2830.0,1479.0
104.91031122207642,41.0,2793.0,1479.0
105.16299557685852,41.0,2711.0,1479.0
105.4155843257904,41.5,2793.0,1479.0
105.66831159591675,41.0,2752.0,1479.0
105.920969247818,41.0,2793.0,1479.0
106.17358064651489,41.5,3072.0,1479.0
106.42611861228943,41.0,2949.0,1479.0
106.67862558364868,41.5,2990.0,1479.0
106.93109083175659,41.0,2871.0,1479.0
107.18354153633118,41.0,2752.0,1479.0
107.4364001750946,41.5,2830.0,1479.0
107.68933057785034,41.0,2953.0,1479.0
107.94245266914368,41.0,2752.0,1479.0
108.19490933418274,41.0,2752.0,1479.0
108.4475200176239,41.0,2752.0,1479.0
108.69997024536133,41.5,2752.0,1479.0
108.95247483253479,41.0,2752.0,1479.0
109.20515418052673,41.5,2994.0,1479.0
109.45761036872864,41.0,2752.0,1479.0
109.710604429245,41.0,2752.0,1479.0
109.96307849884033,41.0,2830.0,1479.0
110.21571445465088,41.5,2953.0,1479.0
110.46824860572815,41.0,2830.0,1479.0
110.72077250480652,41.0,3031.0,1479.0
110.97366786003113,41.0,2711.0,1479.0
111.22634077072144,41.0,2711.0,1479.0
111.47882318496704,41.0,2711.0,1479.0
111.73147344589233,41.0,2711.0,1479.0
111.98401069641113,41.0,2711.0,1479.0
112.23665404319763,41.0,2830.0,1479.0
112.49015974998474,41.5,2711.0,1479.0
112.74275994300842,41.5,2711.0,1479.0
112.99526619911194,41.0,2711.0,1479.0
113.24774503707886,41.5,2711.0,1479.0
113.50026798248291,41.0,2711.0,1479.0
113.7528932094574,41.5,2711.0,1479.0
114.0055079460144,41.0,2711.0,1479.0
114.25812458992004,41.0,2711.0,1479.0
116.09747457504272,41.0,3622.0,1479.0
116.3502254486084,41.5,2871.0,1479.0
116.60290145874023,41.5,3230.0,1479.0
116.85551524162292,42.0,3189.0,1479.0
117.1080150604248,41.0,2871.0,1479.0
117.36050367355347,41.5,4091.0,1479.0
117.61364102363586,41.5,3429.0,1479.0
117.86632323265076,41.5,3271.0,1479.0
118.11887216567993,42.0,3587.0,1479.0
118.37160348892212,41.5,3148.0,1479.0
118.6240746974945,41.5,3031.0,1479.0
118.87656712532043,41.5,2871.0,1479.0
119.12925171852112,41.5,2990.0,1479.0
119.3817400932312,41.5,3112.0,1479.0
119.63429594039917,41.5,2793.0,1479.0
119.88681221008301,41.5,3031.0,1479.0
120.13965010643005,41.5,3031.0,1479.0
120.39236736297607,41.5,2752.0,1479.0
120.644944190979,41.5,2793.0,1479.0
120.89748692512512,41.5,2752.0,1479.0
121.15003824234009,41.0,2711.0,1479.0
121.40251970291138,41.0,2752.0,1479.0
121.65517115592957,41.5,2752.0,1479.0
121.90766167640686,41.0,2752.0,1479.0
122.16045880317688,41.0,2752.0,1479.0
122.41337394714355,41.0,2752.0,1479.0
122.66625881195068,41.0,2793.0,1479.0
122.91913294792175,41.0,2752.0,1479.0
123.17193102836609,41.5,2793.0,1479.0
123.4248526096344,41.5,2830.0,1479.0
123.67792797088623,41.5,2793.0,1479.0
123.9308910369873,41.5,2793.0,1479.0
124.18385601043701,41.5,3112.0,1479.0
124.43702411651611,41.5,2871.0,1479.0
124.6895489692688,41.5,2912.0,1479.0
124.94209480285645,41.0,2871.0,1479.0
125.19476842880249,41.5,3271.0,1479.0
125.44720244407654,41.0,2830.0,1479.0
125.69973516464233,41.5,2871.0,1479.0
125.95221638679504,41.0,2793.0,1479.0
126.20467281341553,41.0,2835.0,1479.0
126.45714259147644,41.5,2793.0,1479.0
126.7096152305603,41.0,2793.0,1479.0
126.96211957931519,41.5,2711.0,1479.0
127.21479725837708,41.5,2793.0,1479.0
127.46721649169922,41.5,2752.0,1479.0
127.71966242790222,41.0,2793.0,1479.0
127.97214031219482,41.5,2793.0,1479.0
128.2245979309082,41.0,2793.0,1479.0
128.47716307640076,41.0,2752.0,1479.0
128.72966885566711,41.5,3108.0,1479.0
